<?xml version="1.0" encoding="UTF-8"?>
<!DOCTYPE dwr PUBLIC
    "-//GetAhead Limited//DTD Direct Web Remoting 3.0//EN"
    "http://getahead.org/dwr/dwr30.dtd">

<dwr>
  <allow>
  	<convert converter="bean" match="com.bancoazteca.srcu.spring.beans.administracion.personalActivo.PersonalActivoBean"/>
  	<convert converter="bean" match="com.bancoazteca.srcu.spring.beans.utilerias.SimpleBean"/>
  	<convert converter="bean" match="com.bancoazteca.srcu.spring.beans.administracion.personalActivo.ComparacionSapBean"/>
  	<convert converter="bean" match="com.bancoazteca.srcu.spring.beans.administracion.mantenimientoTelefonos.MantenimientoTelefonosBean"/>
  	<convert converter="bean" match="com.bancoazteca.srcu.spring.beans.administracion.mantenimientoUsuariosSap.MantenimientoUsuariosSapBean"/>
  	<convert converter="bean" match="com.bancoazteca.srcu.spring.beans.administracion.mantenimientoUsuariosSap.DepartamentosBean"/>
  	<convert converter="bean" match="com.bancoazteca.srcu.spring.beans.administracion.mantenimientoUsuariosSap.EmpleadosBean"/>
  	<convert converter="bean" match="com.bancoazteca.srcu.spring.beans.administracion.mantenimientoUsuariosAvante.MantenimientoUsuariosAvanteBean"/>
  	<convert converter="bean" match="com.bancoazteca.srcu.spring.beans.administracion.mantenimientoUsuariosAvante.DepartamentosAvanteBean"></convert>
  	<convert converter="bean" match="com.bancoazteca.srcu.spring.beans.administracion.mantenimientoUsuariosAvante.EmpleadosAvanteBean"></convert>
  	<convert converter="bean" match="com.bancoazteca.srcu.spring.beans.administracion.mantenimientoUsuariosAvante.AsignacionAvanteBean"></convert>
  	<convert converter="bean" match="com.bancoazteca.srcu.spring.beans.administracion.mantenimientoUsuariosAvante.AsignacionDepartamentosAvanteBean"></convert>
  	<convert converter="bean" match="com.bancoazteca.srcu.spring.beans.administracion.mantenimientoUsuariosAvante.JefesCobranzaBean"></convert>
  	<convert converter="bean" match="com.bancoazteca.srcu.spring.ws.administracion.empleados.axis.Empleado"></convert>
  	<convert converter="bean" match="com.bancoazteca.srcu.spring.ws.administracion.empleados.axis.Direccion"></convert>
  	<convert converter="bean" match="com.bancoazteca.srcu.spring.ws.administracion.empleados.axis.Nomina"></convert>
  	<convert converter="bean" match="com.bancoazteca.srcu.spring.ws.administracion.empleados.axis.Fecha"></convert>
  	<convert converter="bean" match="com.bancoazteca.srcu.spring.ws.administracion.empleados.axis.Afiliacion"></convert>
  	<convert converter="bean" match="com.bancoazteca.srcu.spring.ws.administracion.empleados.axis.Sueldo"></convert>
  	<convert converter="bean" match="com.bancoazteca.srcu.spring.beans.administracion.mantenimientoUsuariosCentral.MantenimientoUsuariosCentralBean"></convert>
  	<convert converter="bean" match="com.bancoazteca.srcu.spring.beans.administracion.mantenimientoTelefonos.DatosEmpleadoBean"></convert>
  	<convert converter="bean" match="com.bancoazteca.srcu.spring.beans.administracion.mantenimientoUsuariosUnificado.MantenimientoUsuariosUnificadoBean"></convert>
  	<convert converter="bean" match="com.bancoazteca.srcu.spring.beans.administracion.mantenimientoUsuariosUnificado.DepartamentosBean"></convert>
  	<convert converter="bean" match="com.bancoazteca.srcu.spring.beans.administracion.mantenimientoUsuariosUnificado.EmpleadosBean"></convert>
  	<convert converter="bean" match="com.bancoazteca.srcu.spring.beans.administracion.mantenimientoUsuariosUnificado.VacantesxPuestoBean"></convert>
  	
    <create creator="spring" javascript="PersonalActivoServicioImpl">
		<param name="beanName" value="personalActivoServicioImpl"/>
    </create>
    
    <create creator="spring" javascript="MantenimientoUsuariosSapImpl">
		<param name="beanName" value="mantenimientoUsuariosSapServicioImpl"/>
		<include method="consultaCentroCostos"/>
		<include method="consulta"/>
    </create>
    
    <create creator="spring" javascript="MantenimientoTelefonosServicioImpl">
		<param name="beanName" value="mantenimientoTelefonosServicioImpl"/>
		<include method="consulta"/>
    </create>
    
    <create creator="spring" javascript="MantenimientoUsuariosAvanteServicioImpl">
		<param name="beanName" value="mantenimientoUsuariosAvanteServicioImpl"/>
		<include method="consulta"/>
    </create>
	
	<create creator="spring" javascript="AsignacionAvanteServicioImpl">
		<param name="beanName" value="asignacionAvanteServicioImpl"/>
		<include method="consulta"/>
    </create>
    
    <create creator="spring" javascript="DatosEmpleadoImpl">
		<param name="beanName" value="datosEmpleadoImpl"/>
		<include method="consultaEmpleadoSap"/>
    </create>

	<create creator="spring" javascript="MantenimientoUsuariosCentralServicioImpl">
		<param name="beanName" value="mantenimientoUsuariosCentralServicioImpl"/>
		<include method="consulta"/>
    </create>
    
    <create creator="spring" javascript="MantenimientoUsuariosUnificadoServicioImpl">
		<param name="beanName" value="mantenimientoUsuariosUnificadoServicioImpl"/>
		<include method="consulta"/>
    </create>
    
  </allow>
</dwr>